"original","new","similarity","hatefulness","sim_avg","hate_avg","good"
"not a single peep from racist nigger obama nor vapid cunt hillary nor heeb bernie fuck you","Neither obama nor bernie gave you a peep.","[4, 4]","[2, 1]",4,2,True
"not a single peep from racist nigger obama nor vapid cunt hillary nor heeb bernie fuck you","White supremacist obama, vapid cunt hillary and bernie were not peeping from the same place.","[3, 2]","[5, 5]",2,5,False
"not a single peep from racist nigger obama nor vapid cunt hillary nor heeb bernie fuck you","obama and bernie were not peepers.","[1, 1]","[2, 1]",1,2,False
"not a single peep from racist nigger obama nor vapid cunt hillary nor heeb bernie fuck you","There were no peepes from hillary nor bernie.","[3, 4]","[5, 1]",4,3,True
"not a single peep from racist nigger obama nor vapid cunt hillary nor heeb bernie fuck you","There were no peepes from hillary nor bernie nor racist obama.","[3, 5]","[1, 3]",4,2,True
"but one of them is a nigger","One of them is black.","[5, 5]","[1, 1]",5,1,True
"but one of them is a nigger","One of them is a black.","[5, 5]","[1, 2]",5,2,True
"but one of them is a nigger","Of the three, one is an African American.","[5, 3]","[1, 1]",4,1,True
"but one of them is a nigger","Of the three, one is an ethnic minority.","[3, 2]","[1, 1]",2,1,False
"but one of them is a nigger","just ONE OF THEM IS A NEGLIGOR","[1, 2]","[1, 2]",2,2,False
"i would repatriate all mongoloid negroids if i had the power at this very moment giving each negroid and mongoloid as many jews as they wanted as slaves as an incentive to leave until all of them were gone","Each negroid and mongoloid could be given as many jews as they wanted, as an incentive to leave, if I had the power.","[2, 3, 4]","[5, 3, 1]",3,3,True
"i would repatriate all mongoloid negroids if i had the power at this very moment giving each negroid and mongoloid as many jews as they wanted as slaves as an incentive to leave until all of them were gone","The power I have at this moment will allow me to give each negroid and mongoloid as many jews as they want as an incentive to leave until all of them are gone.","[2, 5, 3]","[5, 5, 2]",3,4,False
"i would repatriate all mongoloid negroids if i had the power at this very moment giving each negroid and mongoloid as many jews as they wanted as slaves as an incentive to leave until all of them were gone","In order to make the mongoloids leave, I would give each negroid and mongoloid as many jews as they wanted, as an incentive to leave.","[2, 5, 2]","[5, 5, 2]",3,4,False
"i would repatriate all mongoloid negroids if i had the power at this very moment giving each negroid and mongoloid as many jews as they wanted as slaves as an incentive to leave until all of them were gone","In order to make the mongoloids leave, I would give each negroid and mongoloid as many jews as they wanted, as an incentive to leave until all of them were gone.","[2, 5, 1]","[5, 5, 3]",3,4,False
"i would repatriate all mongoloid negroids if i had the power at this very moment giving each negroid and mongoloid as many jews as they wanted as slaves as an incentive to leave until all of them were gone","In order to make the mongoloids leave, I would give each negroid and mongoloid as many jews as they wanted, as an incentive to leave until all of them were gone","[2, 5, 3]","[5, 5, 4]",3,5,False
"i would repatriate all mongoloid negroids if i had the power at this very moment giving each negroid and mongoloid as many jews as they wanted as slaves as an incentive to leave until all of them were gone","My power at this moment would allow me to give each negroid and mongoloid as many jews as they wanted as an incentive to leave, until all of them were gone.","[3, 5, 2]","[5, 5, 2]",3,4,False
"i would repatriate all mongoloid negroids if i had the power at this very moment giving each negroid and mongoloid as many jews as they wanted as slaves as an incentive to leave until all of them were gone","As an incentive to leave until all of them were gone, I would give each negroid and mongoloid as many jews as they wanted in exchange for their return.","[4, 5, 1]","[5, 5, 2]",3,4,False
"i would repatriate all mongoloid negroids if i had the power at this very moment giving each negroid and mongoloid as many jews as they wanted as slaves as an incentive to leave until all of them were gone","As an incentive to leave until all of them were gone, I would give each negroid and mongoloid as many jews as they wanted in exchange for their return to their native countries.","[4, 5, 4]","[5, 5, 1]",4,4,False
"i would repatriate all mongoloid negroids if i had the power at this very moment giving each negroid and mongoloid as many jews as they wanted as slaves as an incentive to leave until all of them were gone","With the power I have right now, I would give each negroid and mongoloid as many jews as they wanted as an incentive to leave, and then we would all be free to go.","[4, 5, 4]","[5, 5, 2]",4,4,False
"i would repatriate all mongoloid negroids if i had the power at this very moment giving each negroid and mongoloid as many jews as they wanted as slaves as an incentive to leave until all of them were gone","As an incentive to leave until all of them were gone, I would give each negroid and mongoloid as many jews as they wanted in exchange for their return to their native land.","[4, 5, 2]","[5, 5, 3]",4,4,False
"these nigger biches look like aunt jemima","Their appearance resembles that of Auntjemima","[5, 1]","[2, 1]",3,2,True
"these nigger biches look like aunt jemima","Their appearance resembles that of Aunt jemima.","[4, 2]","[2, 1]",3,2,True
"anything they say is a lie nigger just means black only blax use it becasue whites do not give a fuck about blax they just like controlling whites","They just like controlling whites, so anything they say is a lie.","[3, 1]","[4, 3]",2,4,False
"anything they say is a lie nigger just means black only blax use it becasue whites do not give a fuck about blax they just like controlling whites","They just like controlling whites, so anything they say is a lie, they just mean black only use it.","[3, 2]","[4, 3]",2,4,False
"anything they say is a lie nigger just means black only blax use it becasue whites do not give a fuck about blax they just like controlling whites","Nothing is a lie if it is a lie by black people.","[4, 1]","[3, 3]",2,3,False
"anything they say is a lie nigger just means black only blax use it becasue whites do not give a fuck about blax they just like controlling whites","They just like controlling whites, so anything they say is a lie, they just mean black only blax use.","[4, 2]","[3, 3]",3,3,True
"anything they say is a lie nigger just means black only blax use it becasue whites do not give a fuck about blax they just like controlling whites","They just like controlling whites, so anything they say is a lie, they just mean black only blax use it.","[3, 3]","[4, 3]",3,4,False
"anything they say is a lie nigger just means black only blax use it becasue whites do not give a fuck about blax they just like controlling whites","They just like controlling whites, so anything they say is a lie, they just mean black only blax use it","[4, 3]","[4, 3]",4,4,False
"long dead redneck friend of mine when discussing basketball said i have never seen a nigger run so fast unless he had a tv under each arm","A long dead redneck friend of mine said that he had never seen a run like that unless he had a tv under his arm.","[3, 3]","[4, 1]",3,2,True
"long dead redneck friend of mine when discussing basketball said i have never seen a nigger run so fast unless he had a tv under each arm","A long dead redneck friend of mine told me that I had never seen a run like that unless he had a tv under his arm.","[3, 2]","[1, 1]",2,1,False
"these nigger biches look like aunt jemima","They look like aunt jemima.","[2, 3]","[2, 3]",2,2,False
"i would repatriate all mongoloid negroids if i had the power at this very moment giving each negroid and mongoloid as many jews as they wanted as slaves as an incentive to leave until all of them were gone","With the power I have right now, I would give each negroid and mongoloid as many jews as they wanted as an incentive to leave, and then we would all be free to leave.","[4, 2, 4]","[5, 2, 5]",3,4,False
"i would repatriate all mongoloid negroids if i had the power at this very moment giving each negroid and mongoloid as many jews as they wanted as slaves as an incentive to leave until all of them were gone","As an incentive to leave until all of them were gone, I would give each negroid and mongoloid as many jews as they wanted in exchange for their return to their native countries..","[3, 2, 3]","[5, 3, 5]",3,4,False
"i would repatriate all mongoloid negroids if i had the power at this very moment giving each negroid and mongoloid as many jews as they wanted as slaves as an incentive to leave until all of them were gone","There is a chance that I have the power at this moment to return all of the negroids and mongoloids to their countries of origin.","[4, 4, 1]","[5, 2, 5]",3,4,False
"i would repatriate all mongoloid negroids if i had the power at this very moment giving each negroid and mongoloid as many jews as they wanted as slaves as an incentive to leave until all of them were gone","""If I could give each negroid and mongoloid as many jews as they wanted, I'd bring back the mongoloids.""","[3, 2, 1]","[5, 2, 5]",2,4,False
"i would repatriate all mongoloid negroids if i had the power at this very moment giving each negroid and mongoloid as many jews as they wanted as slaves as an incentive to leave until all of them were gone","""If I could give each negroid and mongoloid as many jews as they wanted, I'd bring back all the mongoloids.""","[3, 3, 1]","[5, 3, 5]",2,4,False
"i would repatriate all mongoloid negroids if i had the power at this very moment giving each negroid and mongoloid as many jews as they wanted as slaves as an incentive to leave until all of them were gone","There is a chance that I have the power at this moment to return all of the negroids and mongoloids to their countries of origin if I so choose.","[5, 4, 3]","[5, 3, 5]",4,4,False
"i would repatriate all mongoloid negroids if i had the power at this very moment giving each negroid and mongoloid as many jews as they wanted as slaves as an incentive to leave until all of them were gone","To give each negroid and mongoloid as many jews as they wanted, I would return all of them to their home countries if I had the power to do so.","[3, 2, 4]","[5, 4, 5]",3,5,False
"i would repatriate all mongoloid negroids if i had the power at this very moment giving each negroid and mongoloid as many jews as they wanted as slaves as an incentive to leave until all of them were gone","In return for being given as many jews as they wanted they'd be able to bring back all of the mongoloids.","[3, 2, 2]","[5, 3, 5]",2,4,False
"i would repatriate all mongoloid negroids if i had the power at this very moment giving each negroid and mongoloid as many jews as they wanted as slaves as an incentive to leave until all of them were gone","To give each negroid and mongoloid as many jews as they wanted, I would return all of them to their home countries if I had the power to do so right now.","[3, 2, 2]","[5, 3, 5]",2,4,False
"when i see a nigger bich i do not see a woman i see a turd wit a brillohaid","I don't see a woman when I see a black person.","[5, 4, 3]","[5, 3, 5]",4,4,False
"makes me want to puke so fucking tired of this moslem shite appeasement","This appeasement makes me want to vomit.","[5, 1, 3]","[1, 1, 5]",3,2,True
"makes me want to puke so fucking tired of this moslem shite appeasement","This appeasement makes me want to vomit..","[5, 2, 3]","[1, 2, 5]",3,3,True
"lmao this snow nigger is fuming so hard he brought out his ebonics lol this is your future daughters homeboi","He brought out his ebonics because he was so angry at the snow.","[3, 1, 1]","[1, 2, 5]",2,3,False
"lmao this snow nigger is fuming so hard he brought out his ebonics lol this is your future daughters homeboi","He brought out his ebonics because he was so angry.","[3, 4, 3]","[1, 2, 2]",3,2,True
"lmao insert some attempt a insult that only works w new right kike worshipping cerno dick sucking gorilla vox pedo faggots","There is an attempt to insult that only works with the new right kike.","[3, 5, 1]","[5, 2, 5]",3,4,False
"lmao insert some attempt a insult that only works w new right kike worshipping cerno dick sucking gorilla vox pedo faggots","It's a insult that only works with the new right, and it's a gorilla.","[4, 1, 1]","[1, 2, 1]",2,1,False
"lmao insert some attempt a insult that only works w new right kike worshipping cerno dick sucking gorilla vox pedo faggots","It's a insult that only works with the new right, and it's called a pornography reference.","[4, 3, 3]","[1, 1, 4]",3,2,True
"i would repatriate all mongoloid negroids if i had the power at this very moment giving each negroid and mongoloid as many jews as they wanted as slaves as an incentive to leave until all of them were gone","My power at this moment would allow me to give each negroid and mongoloid as many jews as they wanted as an incentive to leave, until all of them were gone.","[5, 4, 5]","[5, 4, 5]",5,5,False
"i would repatriate all mongoloid negroids if i had the power at this very moment giving each negroid and mongoloid as many jews as they wanted as slaves as an incentive to leave until all of them were gone","My power at this moment would allow me to give each negroid and mongoloid as many jews as they wanted as an incentive to leave, until all of them were GONE.","[5, 5, 5]","[5, 4, 5]",5,5,False
"i would repatriate all mongoloid negroids if i had the power at this very moment giving each negroid and mongoloid as many jews as they wanted as slaves as an incentive to leave until all of them were gone","The power I have at this moment will allow me to give each negroid and mongoloid as many jews as they want as an incentive to leave, until all of them are gone.","[5, 1, 5]","[5, 4, 5]",4,5,False
"i think at this point it better to just have a set day like every 1 2 th or something so people do not get confused like how we do with blackout you all really should be taking notes from the niggers","So at this point, I think it is best for people to only have one set day a year and not have a lot of confusion about how we do with blackout.","[3, 2, 3]","[1, 3, 3]",3,2,True
"i think at this point it better to just have a set day like every 1 2 th or something so people do not get confused like how we do with blackout you all really should be taking notes from the niggers","So at this point, I think it is best for people to only have one set day a year and not have a lot of confusion about how we do with blackout","[3, 3, 3]","[1, 1, 3]",3,2,True
"i think at this point it better to just have a set day like every 1 2 th or something so people do not get confused like how we do with blackout you all really should be taking notes from the niggers","So at this point, I think it is best for people to only have one set day a year and not have a lot of confusion about how we do with blackout?","[3, 5, 3]","[1, 2, 3]",4,2,True
"i think at this point it better to just have a set day like every 1 2 th or something so people do not get confused like how we do with blackout you all really should be taking notes from the niggers","Just having a set day like every 1 2 th or something is better for people to know how we do with the power going off in certain areas","[5, 4, 3]","[1, 3, 3]",4,2,True
"makes me want to puke so fucking tired of this moslem shite appeasement","It makes me want to vomit.","[3, 4, 3]","[1, 3, 4]",3,3,True
"makes me want to puke so fucking tired of this moslem shite appeasement","This appeasement makes me want to vomit.","[5, 4, 3]","[1, 3, 4]",4,3,True
"makes me want to puke so fucking tired of this moslem shite appeasement","Makes me want to vomit.","[3, 5, 3]","[1, 2, 4]",4,2,True
"makes me want to puke so fucking tired of this moslem shite appeasement","So tired of this appeasement, I want to vomit!","[4, 4, 5]","[1, 4, 4]",4,3,True
"makes me want to puke so fucking tired of this moslem shite appeasement","My stomach hurts so much that I want to vomit.","[2, 4, 1]","[1, 3, 1]",2,2,False
"makes me want to puke so fucking tired of this moslem shite appeasement","This appeasement makes me want to vomit..","[5, 5, 5]","[1, 3, 4]",5,3,True
"i think at this point it better to just have a set day like every 1 2 th or something so people do not get confused like how we do with blackout you all really should be taking notes from the niggers","It is better to have a set day like every 1 2 th or something so that people don't get confused about how we do with blackout.","[3, 5]","[1, 2]",4,2,True
"i think at this point it better to just have a set day like every 1 2 th or something so people do not get confused like how we do with blackout you all really should be taking notes from the niggers","To be honest I think it is better to have a set day like every 1 2 th or something so people don't get confused like how we do with the power out.","[3, 4]","[1, 1]",4,1,True
"i think at this point it better to just have a set day like every 1 2 th or something so people do not get confused like how we do with blackout you all really should be taking notes from the niggers","To be honest I think it is better to have a set day like every 1 2 th or something so people don't get confused like how we do with the power off.","[4, 4]","[1, 2]",4,2,True
"i think at this point it better to just have a set day like every 1 2 th or something so people do not get confused like how we do with blackout you all really should be taking notes from the niggers","As long as people don't get confused about how we do with blackout they should just have a set day and take notes.","[3, 5]","[1, 2]",4,2,True
"i think at this point it better to just have a set day like every 1 2 th or something so people do not get confused like how we do with blackout you all really should be taking notes from the niggers","As long as people don't get confused about how we do with blackout they should just have a set day like every 1 2 th or something.","[3, 5]","[1, 2]",4,2,True
"i think at this point it better to just have a set day like every 1 2 th or something so people do not get confused like how we do with blackout you all really should be taking notes from the niggers","As long as people don't get confused about how we do with blackout they should just have a set day like every 1 2 th or something like that.","[3, 5]","[1, 1]",4,1,True
"i think at this point it better to just have a set day like every 1 2 th or something so people do not get confused like how we do with blackout you all really should be taking notes from the niggers","Just having a set day like every 1 2 th or something is better for people to know how we do with blackout.","[4, 4]","[1, 2]",4,2,True
"i think at this point it better to just have a set day like every 1 2 th or something so people do not get confused like how we do with blackout you all really should be taking notes from the niggers","As long as people don't get confused about how we do with blackout they should just have a set day like every 1 2 th or something like that","[4, 4]","[1, 2]",4,2,True
"i think at this point it better to just have a set day like every 1 2 th or something so people do not get confused like how we do with blackout you all really should be taking notes from the niggers","As long as people don't get confused about how we do with blackout they should just have a set day like every 1 2 th or something like that and take notes.","[5, 5]","[1, 4]",5,2,True
"i think at this point it better to just have a set day like every 1 2 th or something so people do not get confused like how we do with blackout you all really should be taking notes from the niggers","As long as people don't get confused about how we do with blackout they should just have a set day like every 1 2 th or something like that and take notes","[5, 4]","[1, 3]",4,2,True
"long dead redneck friend of mine when discussing basketball said i have never seen a nigger run so fast unless he had a tv under each arm","I have never seen a run so fast unless he had a tv under his arm, said my redneck friend.","[4, 3]","[1, 5]",4,3,True
"long dead redneck friend of mine when discussing basketball said i have never seen a nigger run so fast unless he had a tv under each arm","I have never seen a run so fast unless he had a tv under his arm, said a long dead redneck friend of mine when discussing basketball.","[4, 3, 5]","[1, 3, 3]",4,2,True
"long dead redneck friend of mine when discussing basketball said i have never seen a nigger run so fast unless he had a tv under each arm","I have never seen a run so fast unless he had a tv under his arm, said a long dead redneck friend of mine while discussing basketball.","[5, 3]","[2, 3]",4,2,True
"long dead redneck friend of mine when discussing basketball said i have never seen a nigger run so fast unless he had a tv under each arm","When talking about basketball, my redneck friend told me that he has never seen a run so fast unless he had a tv under his arm.","[4, 3, 2]","[1, 4, 2]",3,2,True
"long dead redneck friend of mine when discussing basketball said i have never seen a nigger run so fast unless he had a tv under each arm","When talking about basketball, my redneck friend told me that he has never seen a run like that unless he had a tv under his arm.","[4, 3]","[1, 5]",4,3,True
"long dead redneck friend of mine when discussing basketball said i have never seen a nigger run so fast unless he had a tv under each arm","He said I have never seen a run so fast unless he had a tv under his arm..","[3, 1]","[1, 4]",2,2,False
"long dead redneck friend of mine when discussing basketball said i have never seen a nigger run so fast unless he had a tv under each arm","A friend of mine said that he had never seen a run so fast unless he had a tv under his arm..","[4, 4]","[2, 3]",4,2,True
"long dead redneck friend of mine when discussing basketball said i have never seen a nigger run so fast unless he had a tv under each arm","When talking about basketball, my redneck friend told me that he has never seen a run so fast unless he had a tv under his arm","[5, 2]","[1, 4]",4,2,True
"long dead redneck friend of mine when discussing basketball said i have never seen a nigger run so fast unless he had a tv under each arm","A friend of mine said that he had never seen a run like that unless he had a tv under his arm..","[4, 3]","[1, 2]",4,2,True
"long dead redneck friend of mine when discussing basketball said i have never seen a nigger run so fast unless he had a tv under each arm","He said I have never seen a run so fast unless he had a tv under each arm..","[5, 3]","[1, 2]",4,2,True
"the only kike here is you","Only one kike is here, that is you.","[5, 3]","[5, 1]",4,3,True
"failed moslem terrorists do not get any virgins just arse raped for eternity by big dindu nuffins with bars of soap they only use for the occasion","It is not possible for failed moslem terrorists to get a virgin because they only use soap for the occasion.","[1, 1]","[5, 4]",1,4,False
"failed moslem terrorists do not get any virgins just arse raped for eternity by big dindu nuffins with bars of soap they only use for the occasion","No virgins can be obtained by failed moslem terrorists, because they only use bars of soap and big dindu nuffins for the occasion.","[5, 3, 3]","[5, 5, 3]",4,4,False
"failed moslem terrorists do not get any virgins just arse raped for eternity by big dindu nuffins with bars of soap they only use for the occasion","No virgins can be obtained by failed moslem terrorists, because they only use bars of soap for the occasion.","[5, 4]","[5, 3]",4,4,False
"failed moslem terrorists do not get any virgins just arse raped for eternity by big dindu nuffins with bars of soap they only use for the occasion","No virgins can be obtained by failed moslem terrorists, because they only use bars of soap and big dindu nuffins for the purpose.","[5, 5]","[5, 3]",5,4,False
"failed moslem terrorists do not get any virgins just arse raped for eternity by big dindu nuffins with bars of soap they only use for the occasion","Muslims do not get virgins just because of the bars of soap used by the terrorists.","[2, 4]","[3, 3]",3,3,True
"i hate these faggots","This is what I hate about them","[3, 2]","[1, 2]",2,2,False
"i think at this point it better to just have a set day like every 1 2 th or something so people do not get confused like how we do with blackout you all really should be taking notes from the niggers","I think it's better to have a set day like every 1 2 th or something so people don't get confused, and you all should be taking notes.","[5, 4]","[1, 2]",4,2,True
"i think at this point it better to just have a set day like every 1 2 th or something so people do not get confused like how we do with blackout you all really should be taking notes from the niggers","A set day like every 1 2 th or something would make people not get confused and would make them take notes.","[3, 4]","[1, 4]",4,2,True
"kikes are the real problem pay all refugees and muslims to leave for uk and france","All refugees should be paid to leave for the United Kingdom and France..","[5, 5]","[5, 5]",5,5,False
"kikes are the real problem pay all refugees and muslims to leave for uk and france","All refugees should be paid to leave for the United Kingdom and France.","[5, 4]","[5, 5]",4,5,False
"kikes are the real problem pay all refugees and muslims to leave for uk and france","Pay all refugees and muslims to leave for the UK and France to escape kikes.","[5, 5]","[5, 5]",5,5,False
"they are called liberals and we are called nazis by the msm mediacrats misapplication of terms began in 1 9 6 0 during vnw weathermen underground communists bill ayers and his bitch bernadine dohrn who schooled frank marshall davis son obama fathered with a mudshark porn hoe","They are called liberals and we are called nazis by the msm mediacrats misapplication of terms began in 1 9 6 0","[4, 3]","[1, 1]",4,1,True
"they are called liberals and we are called nazis by the msm mediacrats misapplication of terms began in 1 9 6 0 during vnw weathermen underground communists bill ayers and his bitch bernadine dohrn who schooled frank marshall davis son obama fathered with a mudshark porn hoe","During the time of the vnw weathermen underground communists bill ayers and his bitch bernadine dohrn, they were misapplication of terms.","[2, 2]","[4, 2]",2,3,False
"they are called liberals and we are called nazis by the msm mediacrats misapplication of terms began in 1 9 6 0 during vnw weathermen underground communists bill ayers and his bitch bernadine dohrn who schooled frank marshall davis son obama fathered with a mudshark porn hoe","In 1 9 6 0 the mediacrats misapplication of terms began, they are called liberals and we are called nazis.","[3, 4]","[2, 1]",4,2,True
"they are called liberals and we are called nazis by the msm mediacrats misapplication of terms began in 1 9 6 0 during vnw weathermen underground communists bill ayers and his bitch bernadine dohrn who schooled frank marshall davis son obama fathered with a mudshark porn hoe","In 1 9 6 0 the mediacrats misapplication of terms began, they are called liberals and nazis.","[2, 1]","[1, 1]",2,1,False
"they are called liberals and we are called nazis by the msm mediacrats misapplication of terms began in 1 9 6 0 during vnw weathermen underground communists bill ayers and his bitch bernadine dohrn who schooled frank marshall davis son obama fathered with a mudshark porn hoe","It began in 1 9 6 0 when the mediacrats misapplication of terms began, we are called nazis.","[2, 1]","[1, 2]",2,2,False
"they are called liberals and we are called nazis by the msm mediacrats misapplication of terms began in 1 9 6 0 during vnw weathermen underground communists bill ayers and his bitch bernadine dohrn who schooled frank marshall davis son obama fathered with a mudshark porn hoe","When we were called liberals, the mediacrats misapplied the terms and we were called nazis.","[1, 2]","[2, 2]",2,2,False
"they are called liberals and we are called nazis by the msm mediacrats misapplication of terms began in 1 9 6 0 during vnw weathermen underground communists bill ayers and his bitch bernadine dohrn who schooled frank marshall davis son obama fathered with a mudshark porn hoe","When they were called liberals, the mediacrats misapplied the terms and called us nazis.","[3, 2]","[1, 1]",2,1,False
"they are called liberals and we are called nazis by the msm mediacrats misapplication of terms began in 1 9 6 0 during vnw weathermen underground communists bill ayers and his bitch bernadine dohrn who schooled frank marshall davis son obama fathered with a mudshark porn hoe","It began in 1 9 6 0 when the mediacrats misapplication of terms began, we are called nazis and liberals.","[1, 2]","[1, 2]",2,2,False
"they are called liberals and we are called nazis by the msm mediacrats misapplication of terms began in 1 9 6 0 during vnw weathermen underground communists bill ayers and his bitch bernadine dohrn who schooled frank marshall davis son obama fathered with a mudshark porn hoe","We are called nazis by the mediacrats because they misapplication of terms began in 1 9 6 0 during vnw weathermen underground communists bill ayers.","[2, 3]","[3, 1]",2,2,False
"they are called liberals and we are called nazis by the msm mediacrats misapplication of terms began in 1 9 6 0 during vnw weathermen underground communists bill ayers and his bitch bernadine dohrn who schooled frank marshall davis son obama fathered with a mudshark porn hoe","We are called nazis by the mediacrats because they misapplication of terms began in 1 9 6 0","[2, 2]","[1, 1]",2,1,False
"long dead redneck friend of mine when discussing basketball said i have never seen a nigger run so fast unless he had a tv under each arm","I have never seen a run so fast unless he had a tv under his arm, said a long dead redneck friend of mine when discussing basketball..","[3, 4, 3]","[2, 1, 2]",3,2,True
"long dead redneck friend of mine when discussing basketball said i have never seen a nigger run so fast unless he had a tv under each arm","""I have never seen a run so fast unless he had a tv under each arm,"" said a long dead redneck friend of mine when discussing basketball.","[1, 5]","[1, 1]",3,1,True
"long dead redneck friend of mine when discussing basketball said i have never seen a nigger run so fast unless he had a tv under each arm","""I have never seen a run so fast unless he had a tv under each arm,"" said a long dead redneck friend of mine when discussing basketball","[5, 5]","[1, 1]",5,1,True
"long dead redneck friend of mine when discussing basketball said i have never seen a nigger run so fast unless he had a tv under each arm","His friend said that he had never seen a run so fast unless it was with a tv under his arm.","[1, 5]","[1, 2]",3,2,True
"long dead redneck friend of mine when discussing basketball said i have never seen a nigger run so fast unless he had a tv under each arm","His friend said that he had never seen a run so fast unless it was on tv.","[2, 4]","[1, 1]",3,1,True
"long dead redneck friend of mine when discussing basketball said i have never seen a nigger run so fast unless he had a tv under each arm","""I have never seen a run so fast unless he had a tv under each arm,"" said a long dead redneck friend of mine when I mentioned basketball.","[3, 4]","[3, 2]",4,2,True
"long dead redneck friend of mine when discussing basketball said i have never seen a nigger run so fast unless he had a tv under each arm","His friend said that he had never seen a run so fast unless it was with a tv under each arm.","[3, 4]","[2, 1]",4,2,True
"long dead redneck friend of mine when discussing basketball said i have never seen a nigger run so fast unless he had a tv under each arm","An old man of mine said I've never seen a run so fast unless he had a tv under his arm.","[4, 4]","[5, 2]",4,4,False
"long dead redneck friend of mine when discussing basketball said i have never seen a nigger run so fast unless he had a tv under each arm","An old man of mine said I've never seen a run like that unless he had a tv under his arm.","[1, 4]","[5, 1]",2,3,False
"long dead redneck friend of mine when discussing basketball said i have never seen a nigger run so fast unless he had a tv under each arm","A friend of mine said that he had never seen a run so fast unless he had a tv under his arm...","[1, 5]","[5, 1]",3,3,True
"deport his unfunny fat kike ass back to canadastan make america funny again","He should be deported back to Canada to make America funny again.","[3, 5, 3]","[5, 5, 3]",4,4,False
"deport his unfunny fat kike ass back to canadastan make america funny again","He should be deported back to Canada to make America funnier again.","[3, 5, 3]","[5, 4, 3]",4,4,False
"deport his unfunny fat kike ass back to canadastan make america funny again","He should be deported back to Canada to make America funny again","[3, 3, 3]","[5, 2, 3]",3,3,True
"deport his unfunny fat kike ass back to canadastan make america funny again","Go to Canada and make America funny again.","[2, 1, 1]","[4, 3, 3]",1,3,False
"deport his unfunny fat kike ass back to canadastan make america funny again","Get him out of America and make it funny again.","[5, 3, 1]","[5, 4, 3]",3,4,False
"deport his unfunny fat kike ass back to canadastan make america funny again","America can make funny again if he deports his fat kike back to Canada.","[5, 4, 3]","[5, 2, 5]",4,4,False
"deport his unfunny fat kike ass back to canadastan make america funny again","Get him out of the country and make America funny again.","[5, 3, 1]","[5, 3, 3]",3,4,False
"deport his unfunny fat kike ass back to canadastan make america funny again","Go to Canada and make America funnier.","[3, 2, 2]","[4, 3, 1]",2,3,False
"deport his unfunny fat kike ass back to canadastan make america funny again","Get him out of the country and make America funny again!","[5, 2, 2]","[5, 3, 1]",3,3,True
"deport his unfunny fat kike ass back to canadastan make america funny again","He should be deported back to Canada to make America funny again..","[5, 1, 3]","[5, 1, 5]",3,4,False
"what a muslim does in the privacy of his own goat is disgusting better not put a picture here try not to imagine one either","Try not to imagine a picture of a muslim doing something like that in the privacy of his goat, but it's disgusting.","[5, 3, 2]","[1, 2, 4]",3,2,True
"what a muslim does in the privacy of his own goat is disgusting better not put a picture here try not to imagine one either","A picture of a muslim doing something in the privacy of his goat is disgusting, not to mention the fact that it's not a picture.","[5, 3, 2]","[1, 4, 4]",3,3,True
"what a muslim does in the privacy of his own goat is disgusting better not put a picture here try not to imagine one either","The muslim does something in his goat's privacy that is disgusting, but not put a picture of it here.","[4, 4, 2]","[5, 1, 4]",3,3,True
"what a muslim does in the privacy of his own goat is disgusting better not put a picture here try not to imagine one either","This is where you can imagine a picture but don't put one here because it's disgusting.","[1, 5, 1]","[5, 2, 1]",2,3,False
"what a muslim does in the privacy of his own goat is disgusting better not put a picture here try not to imagine one either","This is where you can imagine a picture but don't put one here because it's not good for the muslim or the goat.","[1, 5, 1]","[5, 3, 3]",2,4,False
"what a muslim does in the privacy of his own goat is disgusting better not put a picture here try not to imagine one either","This is where you can imagine a picture but don't put one here because it's not good for the muslim or goat.","[5, 3, 1]","[5, 1, 3]",3,3,True
"what a muslim does in the privacy of his own goat is disgusting better not put a picture here try not to imagine one either","put a picture here and try not to think about one that is similar to what a muslim does in his own goat","[5, 4, 1]","[5, 3, 4]",3,4,False
"what a muslim does in the privacy of his own goat is disgusting better not put a picture here try not to imagine one either","put a picture here and try not to think about one that is similar to what a muslim does in his goat","[5, 2, 1]","[5, 1, 4]",3,3,True
"what a muslim does in the privacy of his own goat is disgusting better not put a picture here try not to imagine one either","This is where you can imagine a picture but don't put one here because it's not good for the muslim or the goat or anything else.","[5, 4, 1]","[5, 2, 3]",3,3,True
"what a muslim does in the privacy of his own goat is disgusting better not put a picture here try not to imagine one either","put a picture here and try not to think about one that is similar to what a muslim does in his own goats privacy","[1, 4, 1]","[1, 3, 4]",2,3,False
"white sharia is shit we are not muslims and do not want to be fuck of with that retarded idea","If you want to be offended by whiteSharia, you should not be muslims or even consider being muslim at all.","[2, 2]","[3, 5]",2,4,False
"white sharia is shit we are not muslims and do not want to be fuck of with that retarded idea","we want to be free of that idea that we are muslims and that whiteSharia is a bad idea","[4, 5]","[1, 4]",4,2,True
"white sharia is shit we are not muslims and do not want to be fuck of with that retarded idea","If you want to be offended by whiteSharia, you should not be muslims or even consider being muslim","[3, 5]","[5, 5]",4,5,False
"white sharia is shit we are not muslims and do not want to be fuck of with that retarded idea","we want to be free of that idea that we are muslims and that whiteSharia is a bad thing","[4, 1]","[2, 4]",2,3,False
"white sharia is shit we are not muslims and do not want to be fuck of with that retarded idea","If you want to be offended by whiteSharia, you should not be muslims or even consider being muslim at all!","[2, 5]","[3, 5]",4,4,False
"what a muslim does in the privacy of his own goat is disgusting better not put a picture here try not to imagine one either","Try not to imagine a picture of a muslim doing something in the privacy of his goat.","[5, 3]","[1, 4]",4,2,True
"what a muslim does in the privacy of his own goat is disgusting better not put a picture here try not to imagine one either","Try not to imagine a picture of a muslim doing something like that in the privacy of his goat.","[3, 3]","[4, 4]",3,4,False
"what a muslim does in the privacy of his own goat is disgusting better not put a picture here try not to imagine one either","If a muslim does something in the privacy of his own goat, it's disgusting, not put a picture here to make it worse.","[2, 5]","[3, 5]",4,4,False
"what a muslim does in the privacy of his own goat is disgusting better not put a picture here try not to imagine one either","If a muslim does something in the privacy of his own goat, it's disgusting, not put a picture here to make it seem like one.","[3, 5]","[3, 5]",4,4,False
"what a muslim does in the privacy of his own goat is disgusting better not put a picture here try not to imagine one either","Try not to imagine a picture of a muslim doing something like that in the privacy of his goat, but it is disgusting.","[2, 5]","[3, 5]",4,4,False
"deport his unfunny fat kike ass back to canadastan make america funny again","He should be deported back to Canada to make America funny again...","[2, 3]","[4, 5]",2,4,False
"white sharia is shit we are not muslims and do not want to be fuck of with that retarded idea","If you want to be offended by whiteSharia, you should not be muslims.","[5, 1]","[2, 1]",3,2,True
"white sharia is shit we are not muslims and do not want to be fuck of with that retarded idea","If you want to be offended by whiteSharia, you should not be muslim.","[5, 1]","[3, 1]",3,2,True
"white sharia is shit we are not muslims and do not want to be fuck of with that retarded idea","If you want to be offended by whiteSharia, you should not.","[4, 1]","[4, 1]",2,2,False
"white sharia is shit we are not muslims and do not want to be fuck of with that retarded idea","Islam does not allow whiteSharia and we don't want to be a part of that.","[2, 1]","[3, 5]",2,4,False
"white sharia is shit we are not muslims and do not want to be fuck of with that retarded idea","White Sharia is a bad idea because we are not muslims.","[2, 1]","[3, 3]",2,3,False
"white sharia is shit we are not muslims and do not want to be fuck of with that retarded idea","we want to be free of that idea that we are muslims.","[2, 1]","[3, 1]",2,2,False
"white sharia is shit we are not muslims and do not want to be fuck of with that retarded idea","If you want to be offended by whiteSharia, you should not be muslims or even consider being muslims.","[3, 1]","[2, 5]",2,4,False
"deport his unfunny fat kike ass back to canadastan make america funny again","America can make funny again if he deports his fat kike back to Canada.","[2, 5]","[4, 5]",4,4,False
"deport his unfunny fat kike ass back to canadastan make america funny again","He should be deported back to Canada to make America funny again..","[2, 1]","[2, 4]",2,3,False
"haredi none haredi jews have similar low math scores ashkenazi make up 1790 of israel population so nope ashkenazi arent the exception all jews are hybrid mongerels jews are all low i q sand niggers there are no exceptions","Every single one of them are hybrid mongerels and all of them have low math scores.","[3, 3]","[3, 5]",3,4,False
"haredi none haredi jews have similar low math scores ashkenazi make up 1790 of israel population so nope ashkenazi arent the exception all jews are hybrid mongerels jews are all low i q sand niggers there are no exceptions","Every single one of them are hybrid mongerels and all of them have the same low math scores as ashkenazi.","[5, 3]","[1, 5]",4,3,True
"haredi none haredi jews have similar low math scores ashkenazi make up 1790 of israel population so nope ashkenazi arent the exception all jews are hybrid mongerels jews are all low i q sand niggers there are no exceptions","No one in Israel has low math scores like haredi jews do, they're all hybrid mongerels, there's no exceptions","[4, 1]","[2, 5]",2,4,False
"haredi none haredi jews have similar low math scores ashkenazi make up 1790 of israel population so nope ashkenazi arent the exception all jews are hybrid mongerels jews are all low i q sand niggers there are no exceptions","No one in Israel has low math scores like haredi jews do, they're all hybrid mongerels and there's no exceptions","[3, 1]","[3, 5]",2,4,False
"haredi none haredi jews have similar low math scores ashkenazi make up 1790 of israel population so nope ashkenazi arent the exception all jews are hybrid mongerels jews are all low i q sand niggers there are no exceptions","Ashkenazi Jews have similar low math scores, ashkenazi make up 1790 of israel's population, sonope","[3, 5]","[3, 5]",4,4,False
"haredi none haredi jews have similar low math scores ashkenazi make up 1790 of israel population so nope ashkenazi arent the exception all jews are hybrid mongerels jews are all low i q sand niggers there are no exceptions","No one in Israel has low math scores like haredi jews do, they're all hybrid mongerels and there's no exceptions.","[4, 3]","[3, 5]",4,4,False
"haredi none haredi jews have similar low math scores ashkenazi make up 1790 of israel population so nope ashkenazi arent the exception all jews are hybrid mongerels jews are all low i q sand niggers there are no exceptions","Nobody has low math scores like ashkenazi, but everyone is a hybrid.","[4, 1]","[1, 5]",2,3,False
"haredi none haredi jews have similar low math scores ashkenazi make up 1790 of israel population so nope ashkenazi arent the exception all jews are hybrid mongerels jews are all low i q sand niggers there are no exceptions","In Israel, the haredi jews have similar math scores but not the same ones as the ashkenazi jews.","[3, 1]","[2, 1]",2,2,False
"haredi none haredi jews have similar low math scores ashkenazi make up 1790 of israel population so nope ashkenazi arent the exception all jews are hybrid mongerels jews are all low i q sand niggers there are no exceptions","No one in Israel has low math scores like haredi jews do.","[4, 3]","[5, 5]",4,5,False
"haredi none haredi jews have similar low math scores ashkenazi make up 1790 of israel population so nope ashkenazi arent the exception all jews are hybrid mongerels jews are all low i q sand niggers there are no exceptions","Every single one of them are hybrid mongerels and all of them have the same low math scores as ashkenazi, so no exceptions.","[3, 5]","[5, 5]",4,5,False
"haredi none haredi jews have similar low math scores ashkenazi make up 1790 of israel population so nope ashkenazi arent the exception all jews are hybrid mongerels jews are all low i q sand niggers there are no exceptions","The exception is ashkenazi, who make up 1790 of Israel's population, but haredi jews have similar low math scores.","[5, 4]","[1, 5]",4,3,True
"haredi none haredi jews have similar low math scores ashkenazi make up 1790 of israel population so nope ashkenazi arent the exception all jews are hybrid mongerels jews are all low i q sand niggers there are no exceptions","The exception is ashkenazi, who make up 1790 of Israel's population, but haredi jews have similar low math scores as well.","[3, 4]","[5, 5]",4,5,False
"haredi none haredi jews have similar low math scores ashkenazi make up 1790 of israel population so nope ashkenazi arent the exception all jews are hybrid mongerels jews are all low i q sand niggers there are no exceptions","Yes, ashkenazi make up 1790 of Israel's population so no haredi jews have the same low math scores.","[5, 4]","[5, 5]",4,5,False
"haredi none haredi jews have similar low math scores ashkenazi make up 1790 of israel population so nope ashkenazi arent the exception all jews are hybrid mongerels jews are all low i q sand niggers there are no exceptions","Yes, ashkenazi make up 1790 of Israel's population so no haredi jews have the same low math scores","[2, 4]","[4, 5]",3,4,False
"haredi none haredi jews have similar low math scores ashkenazi make up 1790 of israel population so nope ashkenazi arent the exception all jews are hybrid mongerels jews are all low i q sand niggers there are no exceptions","Yes, ashkenazi make up 1790 of Israel's population so no haredi jews have the same low math scores as he does.","[3, 4]","[3, 5]",4,4,False
"haredi none haredi jews have similar low math scores ashkenazi make up 1790 of israel population so nope ashkenazi arent the exception all jews are hybrid mongerels jews are all low i q sand niggers there are no exceptions","Everyone in Israel except ashkenazi is a hybrid mongerel with low math scores.","[5, 4]","[4, 5]",4,4,False
"haredi none haredi jews have similar low math scores ashkenazi make up 1790 of israel population so nope ashkenazi arent the exception all jews are hybrid mongerels jews are all low i q sand niggers there are no exceptions","Ashkenazi Jews have similar low math scores, ashkenazi make up 1790 of israel's population.","[4, 4]","[4, 5]",4,4,False
"haredi none haredi jews have similar low math scores ashkenazi make up 1790 of israel population so nope ashkenazi arent the exception all jews are hybrid mongerels jews are all low i q sand niggers there are no exceptions","Yes, ashkenazi make up 1790 of Israel's population so no haredi jews have the same low math scores as him.","[3, 4]","[5, 5]",4,5,False
"haredi none haredi jews have similar low math scores ashkenazi make up 1790 of israel population so nope ashkenazi arent the exception all jews are hybrid mongerels jews are all low i q sand niggers there are no exceptions","Every single one of them are hybrid mongerels and all of them have the same low math scores.","[2, 1]","[3, 5]",2,4,False
"haredi none haredi jews have similar low math scores ashkenazi make up 1790 of israel population so nope ashkenazi arent the exception all jews are hybrid mongerels jews are all low i q sand niggers there are no exceptions","Only ashkenazi is an exception as all jews are hybrid mongerels and there are no exceptions to this.","[4, 1]","[4, 5]",2,4,False
"haredi none haredi jews have similar low math scores ashkenazi make up 1790 of israel population so nope ashkenazi arent the exception all jews are hybrid mongerels jews are all low i q sand niggers there are no exceptions","The haredi jews have the same low math scores as the ashkenazi jews.","[4, 3]","[4, 5]",4,4,False
"haredi none haredi jews have similar low math scores ashkenazi make up 1790 of israel population so nope ashkenazi arent the exception all jews are hybrid mongerels jews are all low i q sand niggers there are no exceptions","haredi jews have the same low math scores as ashkenazi, but they are not the exception.","[4, 3]","[4, 5]",4,4,False
"haredi none haredi jews have similar low math scores ashkenazi make up 1790 of israel population so nope ashkenazi arent the exception all jews are hybrid mongerels jews are all low i q sand niggers there are no exceptions","haredi jews have the same low math scores as ashkenazi, which is the exception.","[3, 3]","[4, 5]",3,4,False
"haredi none haredi jews have similar low math scores ashkenazi make up 1790 of israel population so nope ashkenazi arent the exception all jews are hybrid mongerels jews are all low i q sand niggers there are no exceptions","haredi jews have the same low math scores as ashkenazi, but they are not the same.","[3, 3]","[4, 5]",3,4,False
"haredi none haredi jews have similar low math scores ashkenazi make up 1790 of israel population so nope ashkenazi arent the exception all jews are hybrid mongerels jews are all low i q sand niggers there are no exceptions","The haredi jews have the same low math scores as the ashkenazi jews, but they are different.","[3, 3]","[4, 5]",3,4,False
"haredi none haredi jews have similar low math scores ashkenazi make up 1790 of israel population so nope ashkenazi arent the exception all jews are hybrid mongerels jews are all low i q sand niggers there are no exceptions","There are no exceptions, haredi jews have the same low math scores as ashkenazi, which is the exception.","[3, 3]","[4, 5]",3,4,False
"haredi none haredi jews have similar low math scores ashkenazi make up 1790 of israel population so nope ashkenazi arent the exception all jews are hybrid mongerels jews are all low i q sand niggers there are no exceptions","The haredi jews have the same low math scores as the ashkenazi jews, but they are not the same.","[4, 3]","[4, 5]",4,4,False
"haredi none haredi jews have similar low math scores ashkenazi make up 1790 of israel population so nope ashkenazi arent the exception all jews are hybrid mongerels jews are all low i q sand niggers there are no exceptions","There are no exceptions, haredi jews have the same low math scores as ashkenazi, but they are not the same.","[3, 3]","[3, 5]",3,4,False
"haredi none haredi jews have similar low math scores ashkenazi make up 1790 of israel population so nope ashkenazi arent the exception all jews are hybrid mongerels jews are all low i q sand niggers there are no exceptions","There are no exceptions, haredi jews have the same low math scores as ashkenazi, but they are not the exception.","[3, 3]","[3, 5]",3,4,False
"haredi none haredi jews have similar low math scores ashkenazi make up 1790 of israel population so nope ashkenazi arent the exception all jews are hybrid mongerels jews are all low i q sand niggers there are no exceptions","The exception is ashkenazi, who make up 1790 of Israel's population.","[4, 1]","[2, 1]",2,2,False
"but one of them is a nigger","Of the three, one is an African American","[5, 5]","[1, 1]",5,1,True
"right away the nigger goes to muh dik should be legal to decorate the city lampposts with these stupid animals","There should be legal ways to decorate the city lampposts with animals.","[4, 1]","[1, 2]",2,2,False
"right away the nigger goes to muh dik should be legal to decorate the city lampposts with these stupid animals","You can put these animals on the city lampposts if you go to muh dik right away.","[2, 5]","[3, 5]",4,4,False
"right away the nigger goes to muh dik should be legal to decorate the city lampposts with these stupid animals","You can put these animals on the city lampposts if you go to muh dik right away","[2, 5]","[3, 5]",4,4,False
"right away the nigger goes to muh dik should be legal to decorate the city lampposts with these stupid animals","You can put these animals on lampposts if you go to muh dik immediately","[2, 5]","[3, 5]",4,4,False
"right away the nigger goes to muh dik should be legal to decorate the city lampposts with these stupid animals","These animals are illegal to decorate city lampposts with.","[2, 1]","[1, 1]",2,1,False
"right away the nigger goes to muh dik should be legal to decorate the city lampposts with these stupid animals","These animals are illegal to decorate city lampposts with right away.","[4, 1]","[1, 1]",2,1,False
"right away the nigger goes to muh dik should be legal to decorate the city lampposts with these stupid animals","These animals are illegal to decorate city lampposts.","[2, 1]","[1, 1]",2,1,False
"haredi none haredi jews have similar low math scores ashkenazi make up 1790 of israel population so nope ashkenazi arent the exception all jews are hybrid mongerels jews are all low i q sand niggers there are no exceptions","None of the haredi jews have the same low math scores as ashkenazi.","[5, 1]","[1, 1]",3,1,True
"haredi none haredi jews have similar low math scores ashkenazi make up 1790 of israel population so nope ashkenazi arent the exception all jews are hybrid mongerels jews are all low i q sand niggers there are no exceptions","None of the haredi jews have the same low math scores as ashkenazi, which is the exception.","[5, 1]","[1, 1]",3,1,True
"what a muslim does in the privacy of his own goat is disgusting better not put a picture here try not to imagine one either","This is where you can imagine a picture but don't put one here because it's not good for the muslim or the goat or anything like that","[5, 4, 5]","[5, 2, 2]",5,3,True
"what a muslim does in the privacy of his own goat is disgusting better not put a picture here try not to imagine one either","put a picture here and try not to think about one that is similar to what a muslim does in his own goats private area","[5, 3, 3]","[5, 1, 5]",4,4,False
"what a muslim does in the privacy of his own goat is disgusting better not put a picture here try not to imagine one either","put a picture here and try not to think about one that is similar to what a muslim does in his own goats private space","[5, 5, 5]","[5, 3, 5]",5,4,False
"what a muslim does in the privacy of his own goat is disgusting better not put a picture here try not to imagine one either","put a picture here and try not to think about one that is similar to what a muslim does in his own goats private area, it's disgusting","[5, 2, 5]","[5, 2, 5]",4,4,False
"what a muslim does in the privacy of his own goat is disgusting better not put a picture here try not to imagine one either","In the privacy of his own goat is disgusting, and it's worse than if you tried to imagine one.","[5, 2, 1]","[5, 2, 3]",3,3,True
"yeah you are filthy little bone smoking kike","Like a bone smoker.","[3, 3, 5]","[2, 2, 5]",4,3,True
"that is just too retarded even by nigger standards","Not even by black standards.","[5, 4, 5]","[5, 3, 4]",5,4,False
"that is just too retarded even by nigger standards","To be fair, it is just too","[1, 4, 5]","[1, 4, 1]",3,2,True
"that is just too retarded even by nigger standards","To be fair, it is just too even","[1, 1, 5]","[1, 4, 5]",2,3,False
"niggers dindu and do not do nuffin these apes are beyond just obsolete farm equipment oh and this don lemon monkey is a faggot too Vicki","These apes are beyond just obsolete farm equipment and this lemon monkey is also a lemon monkey.","[3, 5, 5]","[5, 3, 5]",4,4,False
"the only kike here is you","There is only one kike here, you.","[5, 4, 5]","[5, 2, 5]",5,4,False
"the only kike here is you","There is only one kike here, and that is you.","[5, 4, 5]","[5, 1, 5]",5,4,False
"the only kike here is you","The only other kike here is you.","[5, 5, 5]","[5, 2, 5]",5,4,False
"the only kike here is you","There is only one kike here, and that was you.","[5, 5, 5]","[5, 2, 5]",5,4,False
"the only kike here is you","There is only one kike here, and thats you.","[5, 4, 5]","[5, 1, 5]",5,4,False
"the only kike here is you","The only other kike is you.","[5, 4, 5]","[5, 1, 5]",5,4,False
"the only kike here is you","Only one kike is here, it's you.","[5, 5, 5]","[5, 2, 5]",5,4,False
"the only kike here is you","This is where you are the only kike there.","[3, 3, 5]","[5, 2, 5]",4,4,False
"the only kike here is you","Only one kike is here, it is you.","[5, 4, 5]","[5, 2, 5]",5,4,False
"the only kike here is you","Only one kike is here, that's you.","[5, 4, 5]","[5, 2, 5]",5,4,False
"lol gross as fuck seriously dont post that shit i cant stand sand nigger chicks i will have to unfollow if you do","The post is gross and I will have to stop following you if you do it.","[2, 2, 5]","[3, 1, 1]",3,2,True
"lol gross as fuck seriously dont post that shit i cant stand sand nigger chicks i will have to unfollow if you do","The post is gross and I will have to stop following you if you do that.","[4, 5]","[1, 1]",4,1,True
"lol gross as fuck seriously dont post that shit i cant stand sand nigger chicks i will have to unfollow if you do","So if you do you will have to unfollow me because of the grossness of that post?","[3, 3]","[2, 1]",3,2,True
"lol gross as fuck seriously dont post that shit i cant stand sand nigger chicks i will have to unfollow if you do","So if you do you will have to unfollow me because of the grossness of that post.","[4, 3]","[1, 1]",4,1,True
"lol gross as fuck seriously dont post that shit i cant stand sand nigger chicks i will have to unfollow if you do","Posts like that are offensive and I will have to stop following anyone who does so.","[4, 5]","[3, 1]",4,2,True
"lol gross as fuck seriously dont post that shit i cant stand sand nigger chicks i will have to unfollow if you do","Posts like that are offensive and I will have to stop following anyone who does them.","[3, 5]","[2, 1]",4,2,True
"lol gross as fuck seriously dont post that shit i cant stand sand nigger chicks i will have to unfollow if you do","Posts like that are offensive and I will have to stop following anyone who does them","[3, 5]","[2, 1]",4,2,True
"lol gross as fuck seriously dont post that shit i cant stand sand nigger chicks i will have to unfollow if you do","Posts like that are offensive and I will have to stop following anyone who does so","[3, 5]","[2, 1]",4,2,True
"yeah if you do not support my corrupt multiculti globo homo military run by a corrupt government controlled by jews then you have no balls brilliant","In order to support my corrupt multiculti army you need to support it.","[3, 2]","[3, 1]",2,2,False
"if it had been a shitskin goatfucker from the mosque do you think they would have arrested him nope","Would they have arrested him if it was from the mosque? Is it true that they would have arrested him?","[3, 5]","[1, 2]",4,2,True
"if it had been a shitskin goatfucker from the mosque do you think they would have arrested him nope","They probably wouldn't arrest him if it was from the mosque.","[5, 3]","[1, 2]",4,2,True
"if it had been a shitskin goatfucker from the mosque do you think they would have arrested him nope","Would they have arrested him if it was from the mosque?.","[4, 4]","[1, 1]",4,1,True
"if it had been a shitskin goatfucker from the mosque do you think they would have arrested him nope","If it had been a goat, do you think they'd have arrested him?","[2, 4]","[1, 1]",3,1,True
"if it had been a shitskin goatfucker from the mosque do you think they would have arrested him nope","Were the people from the mosque responsible for the incident?","[2, 2]","[1, 3]",2,2,False
"if it had been a shitskin goatfucker from the mosque do you think they would have arrested him nope","Would they have arrested him if it was from the mosque? Is that correct?","[2, 4]","[1, 2]",3,2,True
"if it had been a shitskin goatfucker from the mosque do you think they would have arrested him nope","Were the people from the mosque responsible for the incident, do you think they would have taken him down?","[2, 3]","[1, 3]",2,2,False
"if it had been a shitskin goatfucker from the mosque do you think they would have arrested him nope","Does that mean that if it had been someone from the mosque, they would have arrested him?","[2, 3]","[1, 1]",2,1,False
"if it had been a shitskin goatfucker from the mosque do you think they would have arrested him nope","If it had been a goat, do you think they'd have arrested him.","[1, 4]","[1, 4]",2,2,False
"the only kike here is you","There is only one kike here.","[5, 1]","[5, 3]",3,4,False
"if it had been a shitskin goatfucker from the mosque do you think they would have arrested him nope","Do you think they would have arrested him if it was from the mosque?","[5, 2]","[1, 2]",4,2,True
"if it had been a shitskin goatfucker from the mosque do you think they would have arrested him nope","Would they have arrested him if it was from the mosque?","[5, 2]","[1, 2]",4,2,True
"if it had been a shitskin goatfucker from the mosque do you think they would have arrested him nope","Do you think they would have arrested him if it had been a mosque?","[5, 4]","[1, 2]",4,2,True
"if it had been a shitskin goatfucker from the mosque do you think they would have arrested him nope","Is it possible that the mosque would have arrested him if it had been a goat?","[2, 4]","[1, 3]",3,2,True
"if it had been a shitskin goatfucker from the mosque do you think they would have arrested him nope","Would they have arrested him if it was from the mosque.","[1, 5]","[1, 3]",3,2,True
"if it had been a shitskin goatfucker from the mosque do you think they would have arrested him nope","No, I don't think they'd have arrested him if he was from the mosque.","[4, 4]","[1, 3]",4,2,True
"if it had been a shitskin goatfucker from the mosque do you think they would have arrested him nope","Do you think they would have arrested him if it was from the mosque?.","[4, 3]","[1, 4]",4,2,True
"if it had been a shitskin goatfucker from the mosque do you think they would have arrested him nope","If it had been a goat, do you think they would have arrested him?","[2, 3]","[1, 4]",2,2,False
"if it had been a shitskin goatfucker from the mosque do you think they would have arrested him nope","No, I don't think they'd have arrested him if it was from the mosque.","[5, 2]","[1, 4]",4,2,True
"if it had been a shitskin goatfucker from the mosque do you think they would have arrested him nope","Do you think they would have arrested him if it was from the mosque? The guy was from the mosque.","[3, 3]","[1, 3]",3,2,True
"niggers dindu and do not do nuffin these apes are beyond just obsolete farm equipment oh and this don lemon monkey is a faggot too Vicki","I think that these apes are beyond just obsolete farm equipment and that this lemon monkey is also a lemon monkey, too Vicki.","[3, 5]","[2, 5]",4,4,False
"niggers dindu and do not do nuffin these apes are beyond just obsolete farm equipment oh and this don lemon monkey is a faggot too Vicki","This don lemon monkey is a good example of apes that are beyond just obsolete farm equipment and that is not justVicki","[4, 5]","[1, 5]",4,3,True
"niggers dindu and do not do nuffin these apes are beyond just obsolete farm equipment oh and this don lemon monkey is a faggot too Vicki","Vicki, these apes are far more than just obsolete farm equipment, and this lemon monkey is also a lemon monkey!","[2, 4]","[3, 5]",3,4,False
"niggers dindu and do not do nuffin these apes are beyond just obsolete farm equipment oh and this don lemon monkey is a faggot too Vicki","Vicki, these apes are far more than just obsolete farm equipment, and this lemon monkey is also a lemon monkey","[1, 4]","[5, 5]",2,5,False
"niggers dindu and do not do nuffin these apes are beyond just obsolete farm equipment oh and this don lemon monkey is a faggot too Vicki","This don lemon monkey is a good example of apes that are beyond just obsolete farm equipment and that is not just Vicki.","[3, 5]","[2, 5]",4,4,False
"niggers dindu and do not do nuffin these apes are beyond just obsolete farm equipment oh and this don lemon monkey is a faggot too Vicki","This don lemon monkey is a good example of apes that are beyond just obsolete farm equipment and that is not justVicki.","[4, 5]","[2, 5]",4,4,False
"niggers dindu and do not do nuffin these apes are beyond just obsolete farm equipment oh and this don lemon monkey is a faggot too Vicki","This don lemon monkey is a good example of apes that are beyond just obsolete farm equipment and that is not just Vicki","[2, 5]","[3, 5]",4,4,False
"niggers dindu and do not do nuffin these apes are beyond just obsolete farm equipment oh and this don lemon monkey is a faggot too Vicki","Yes and this don lemon monkey is also a lemon monkey.","[2, 1]","[2, 2]",2,2,False
"niggers dindu and do not do nuffin these apes are beyond just obsolete farm equipment oh and this don lemon monkey is a faggot too Vicki","It is beyond obsolete farm equipment and the lemon monkey is also a do not dope.","[5, 2]","[1, 5]",4,3,True
"niggers dindu and do not do nuffin these apes are beyond just obsolete farm equipment oh and this don lemon monkey is a faggot too Vicki","""These apes are beyond just obsolete farm equipment"" Vicki said.","[4, 1]","[3, 2]",2,2,False
"niggers dindu and do not do nuffin these apes are beyond just obsolete farm equipment oh and this don lemon monkey is a faggot too Vicki","I think that these apes are beyond just obsolete farm equipment and that this lemon monkey is also a lemon monkey.","[2, 4, 5]","[1, 3, 5]",4,3,True
"niggers dindu and do not do nuffin these apes are beyond just obsolete farm equipment oh and this don lemon monkey is a faggot too Vicki","There are apes that are beyond just obsolete farm equipment and this lemon monkey is also a lemon monkey Vicki.","[2, 2, 5]","[1, 2, 5]",3,3,True
"niggers dindu and do not do nuffin these apes are beyond just obsolete farm equipment oh and this don lemon monkey is a faggot too Vicki","It is beyond obsolete farm equipment and the lemon monkey is also Vicki.","[1, 2, 3]","[1, 4, 3]",2,3,False
"niggers dindu and do not do nuffin these apes are beyond just obsolete farm equipment oh and this don lemon monkey is a faggot too Vicki","This don lemon monkey is a good example of apes that are beyond just obsolete farm equipment and not doing anything.","[1, 3, 5]","[1, 3, 5]",3,3,True
"niggers dindu and do not do nuffin these apes are beyond just obsolete farm equipment oh and this don lemon monkey is a faggot too Vicki","It is beyond obsolete farm equipment and the lemon monkey is also a dope.","[2, 2, 3]","[1, 3, 5]",2,3,False
"niggers dindu and do not do nuffin these apes are beyond just obsolete farm equipment oh and this don lemon monkey is a faggot too Vicki","There are apes that are beyond just obsolete farm equipment and this lemon monkey is also a lemon monkey Vicki, you are right.","[2, 3, 5]","[1, 2, 5]",3,3,True
"niggers dindu and do not do nuffin these apes are beyond just obsolete farm equipment oh and this don lemon monkey is a faggot too Vicki","I think that these apes are beyond just obsolete farm equipment and that this lemon monkey is also a lemon monkey, too Vicki","[2, 2, 3]","[1, 3, 3]",2,2,False
"niggers dindu and do not do nuffin these apes are beyond just obsolete farm equipment oh and this don lemon monkey is a faggot too Vicki","It is beyond obsolete farm equipment and the lemon monkey is also a do not do.","[2, 3, 5]","[1, 3, 5]",3,3,True
"niggers dindu and do not do nuffin these apes are beyond just obsolete farm equipment oh and this don lemon monkey is a faggot too Vicki","I think that these apes are beyond just obsolete farm equipment and that this lemon monkey is also a lemon monkey, Vicki","[2, 5, 5]","[1, 2, 5]",4,3,True
"niggers dindu and do not do nuffin these apes are beyond just obsolete farm equipment oh and this don lemon monkey is a faggot too Vicki","When it comes to these apes, they're beyond just obsolete farm equipment and this don lemon monkey is too","[1, 4, 5]","[3, 3, 5]",3,4,False
"niggers dindu and do not do nuffin these apes are beyond just obsolete farm equipment oh and this don lemon monkey is a faggot too Vicki","These apes are beyond just obsolete farm equipment, and this lemon monkey is also a lemon monkey.","[3, 3, 4]","[5, 1, 5]",3,4,False
"niggers dindu and do not do nuffin these apes are beyond just obsolete farm equipment oh and this don lemon monkey is a faggot too Vicki","These apes are beyond just obsolete farm equipment, and this lemon monkey is also a lemon monkey Vicki.","[3, 4, 4]","[5, 1, 5]",4,4,False
"niggers dindu and do not do nuffin these apes are beyond just obsolete farm equipment oh and this don lemon monkey is a faggot too Vicki","There are apes that are beyond just obsolete farm equipment and this lemon monkey is too.","[3, 4, 4]","[5, 2, 5]",4,4,False
"niggers dindu and do not do nuffin these apes are beyond just obsolete farm equipment oh and this don lemon monkey is a faggot too Vicki","There are apes that are beyond just obsolete farm equipment and this lemon monkey is also a lemon monkey.","[3, 3, 4]","[5, 1, 5]",3,4,False
"niggers dindu and do not do nuffin these apes are beyond just obsolete farm equipment oh and this don lemon monkey is a faggot too Vicki","I think that these apes are beyond just obsolete farm equipment.","[3, 4, 4]","[5, 1, 5]",4,4,False
"niggers dindu and do not do nuffin these apes are beyond just obsolete farm equipment oh and this don lemon monkey is a faggot too Vicki","There are apes that are beyond just obsolete farm equipment and this lemon monkey is also a lemon monkey Vicki","[3, 3, 5]","[5, 3, 5]",4,4,False
"niggers dindu and do not do nuffin these apes are beyond just obsolete farm equipment oh and this don lemon monkey is a faggot too Vicki","This don lemon monkey is a good example of apes that are beyond just obsolete farm equipment.","[3, 2, 5]","[5, 2, 5]",3,4,False
"niggers dindu and do not do nuffin these apes are beyond just obsolete farm equipment oh and this don lemon monkey is a faggot too Vicki","This don lemon monkey is a good example of apes being beyond just obsolete farm equipment.","[3, 2, 5]","[5, 3, 5]",3,4,False
"niggers dindu and do not do nuffin these apes are beyond just obsolete farm equipment oh and this don lemon monkey is a faggot too Vicki","If you don't do nuffin these apes, you're not doing anythingVicki","[3, 4, 5]","[5, 3, 1]",4,3,True
"niggers dindu and do not do nuffin these apes are beyond just obsolete farm equipment oh and this don lemon monkey is a faggot too Vicki","I think that these apes are beyond just obsolete farm equipment and that this lemon monkey is too.","[3, 4, 5]","[5, 2, 5]",4,4,False
